size,network,mean_capacity_accuracy,std_capacity_accuracy,min_capacity_accuracy,max_capacity_accuracy,final_capacity_accuracy,best_capacity_accuracy,capacity_auc,mean_noise_accuracy,std_noise_accuracy,min_noise_accuracy,max_noise_accuracy,mean_noise_level_accuracy,std_noise_level_accuracy,min_noise_level_accuracy,max_noise_level_accuracy,mean_noise_level_auc,std_noise_level_auc
7,Hebbian,0.18078317074828923,0.25612702431542683,0.0,1.0,0.1538461538461538,1.0,0.15859382163586316,0.1795524837002945,0.250007014281351,0.0,1.0,0.1795524837002945,0.002367499559373848,0.0,1.0,0.1573877894202156,0.0023379556044257678
7,Hopfield,0.18078317074828923,0.25612702431542683,0.0,1.0,0.1538461538461538,1.0,0.15859382163586316,0.17839000835512683,0.25138439614584784,0.0,1.0,0.17839000835512686,0.0017406334918304617,0.0,1.0,0.1562006592427008,0.0017406334918304506
10,Hebbian,0.1029585798816568,0.27111083958654997,0.0,1.0,0.0,1.0,0.08372781065088758,0.09954087223317992,0.26704876166151575,0.0,1.0,0.09954087223317992,0.0011663659317321744,0.0,1.0,0.08031010300241069,0.0011663659317321744
10,Hopfield,0.1029585798816568,0.27111083958654997,0.0,1.0,0.0,1.0,0.08372781065088758,0.10263806706114398,0.26740325272606325,0.0,1.0,0.10263806706114398,0.0005551444896054075,0.0,1.0,0.08340729783037476,0.0005551444896054174
15,Hebbian,0.07692307692307693,0.271746488194703,0.0,1.0,0.0,1.0,0.057692307692307696,0.07692307692307693,0.2681940937606045,0.0,1.0,0.07692307692307693,0.0,0.0,1.0,0.05769230769230769,0.0
15,Hopfield,0.07692307692307693,0.271746488194703,0.0,1.0,0.0,1.0,0.057692307692307696,0.07692307692307693,0.2681940937606045,0.0,1.0,0.07692307692307693,0.0,0.0,1.0,0.05769230769230769,0.0
